Computer,Disk,DiskPercentageUsed,"Free_Space_Label",LogicalDiskSpacePercentageFreeAverage
ACMDPAP03,"C:","54.09%",Healthy,"54.09"
ACMDPAP03,"D:","25.1%",Healthy,"25.1"
ACMDPAP03,"E:","17.04%",Healthy,"17.04"
ACMDPAP10,"C:","63.67%",Warning,"63.67"
ACMDPAP10,"D:","60.49%",Warning,"60.49"
ACMDPAP12,"D:","50.68%",Healthy,"50.68"
ACMDPAP12,"C:","11.63%",Healthy,"11.63"
ACMDPAP12,"P:","5.35%",Healthy,"5.35"
ACMDPAP121,"D:","89.56%",Warning,"89.56"
ACMDPAP121,"C:","14.85%",Healthy,"14.85"
ACMDPAP122,"D:","92.43%",Critical,"92.43"
ACMDPAP122,"C:","27.63%",Healthy,"27.63"
ACMDPAP123,"D:","91.43%",Critical,"91.43"
ACMDPAP123,"C:","6.96%",Healthy,"6.96"
ACMDPAP124,"D:","93.03%",Critical,"93.03"
ACMDPAP124,"C:","28.43%",Healthy,"28.43"
ACMDPAP125,"D:","85.38%",Warning,"85.38"
ACMDPAP125,"C:","38.51%",Healthy,"38.51"
ACMDPAP126,"D:","92.75%",Critical,"92.75"
ACMDPAP126,"C:","9.63%",Healthy,"9.63"
ACMDPAP127,"D:","99.81%",Critical,"99.81"
ACMDPAP127,"E:","98.24%",Critical,"98.24"
ACMDPAP127,"C:","77.85%",Warning,"77.85"
ACMDPAP136,"D:","85.04%",Warning,"85.04"
ACMDPAP136,"C:","65.51%",Warning,"65.51"
ACMDPAP137,"D:","95.7%",Critical,"95.7"
ACMDPAP137,"C:","66.94%",Warning,"66.94"
ACMDPAP138,"D:","85.06%",Warning,"85.06"
ACMDPAP138,"C:","72.11%",Warning,"72.11"
ACMDPAP156,"D:","84.15%",Warning,"84.15"
ACMDPAP156,"C:","54.52%",Healthy,"54.52"
ACMDPAP157,"D:","98.17%",Critical,"98.17"
ACMDPAP157,"C:","67.59%",Warning,"67.59"
ACMDPAP173,"D:","98.9%",Critical,"98.9"
ACMDPAP173,"C:","68.45%",Warning,"68.45"
ACMDPAP174,"D:","99.09%",Critical,"99.09"
ACMDPAP174,"C:","68.96%",Warning,"68.96"
ACMDPAP181,"C:","49.78%",Healthy,"49.78"
ACMDPAP181,"D:","40.29%",Healthy,"40.29"
ACMDPAP181,"P:","3.46%",Healthy,"3.46"
ACMDPAP183,"D:","93.17%",Critical,"93.17"
ACMDPAP183,"C:","51.97%",Healthy,"51.97"
ACMDPAP184,"C:","57.66%",Healthy,"57.66"
ACMDPAP184,"D:","39.67%",Healthy,"39.67"
ACMDPAP184,"P:","3.46%",Healthy,"3.46"
ACMDPAP185,"D:","82.09%",Warning,"82.09"
ACMDPAP185,"C:","65.91%",Warning,"65.91"
ACMDPAP185,"P:","3.46%",Healthy,"3.46"
ACMDPAP186,"D:","98.72%",Critical,"98.72"
ACMDPAP186,"C:","68.36%",Warning,"68.36"
ACMDPAP187,"C:","55.09%",Healthy,"55.09"
ACMDPAP187,"D:","44.07%",Healthy,"44.07"
ACMDPAP187,"P:","3.46%",Healthy,"3.46"
ACMDPAP191,"D:","96.32%",Critical,"96.32"
ACMDPAP191,"C:","66.17%",Warning,"66.17"
ACMDPAP25,"D:","95.2%",Critical,"95.2"
ACMDPAP25,"C:","56.21%",Healthy,"56.21"
ACMDPAP28,"D:","99.14%",Critical,"99.14"
ACMDPAP28,"C:","71.34%",Warning,"71.34"
ACMDPAP28,"E:","59.61%",Healthy,"59.61"
ACMDPAP29,"H:","99.84%",Critical,"99.84"
ACMDPAP29,"G:","99.45%",Critical,"99.45"
ACMDPAP29,"E:","90.63%",Critical,"90.63"
ACMDPAP29,"C:","59.78%",Healthy,"59.78"
ACMDPAP29,"F:","50.99%",Healthy,"50.99"
ACMDPAP29,"P:","35.46%",Healthy,"35.46"
ACMDPAP30,"G:","98.68%",Critical,"98.68"
ACMDPAP30,"H:","93.81%",Critical,"93.81"
ACMDPAP30,"E:","91.2%",Critical,"91.2"
ACMDPAP30,"F:","88.42%",Warning,"88.42"
ACMDPAP30,"P:","35.46%",Healthy,"35.46"
ACMDPAP30,"C:","26.77%",Healthy,"26.77"
ACMDPAP32,"P:","94.71%",Critical,"94.71"
ACMDPAP32,"C:","31.73%",Healthy,"31.73"
ACMDPAP32,"D:","13.0%",Healthy,13
ACMDPAP42,"C:","70.95%",Warning,"70.95"
ACMDPAP42,"D:","47.73%",Healthy,"47.73"
ACMDPAP54,"D:","95.69%",Critical,"95.69"
ACMDPAP54,"C:","77.23%",Warning,"77.23"
ACMDPAP57,"C:","84.03%",Warning,"84.03"
ACMDPAP61,"D:","97.15%",Critical,"97.15"
ACMDPAP61,"C:","58.82%",Healthy,"58.82"
ACMDPAP62,"D:","99.61%",Critical,"99.61"
ACMDPAP62,"E:","97.07%",Critical,"97.07"
ACMDPAP62,"C:","60.7%",Warning,"60.7"
ACMDPAP63,"H:","99.86%",Critical,"99.86"
ACMDPAP63,"E:","99.75%",Critical,"99.75"
ACMDPAP63,"D:","92.38%",Critical,"92.38"
ACMDPAP63,"C:","80.9%",Warning,"80.9"
ACMDPAP66,"E:","99.96%",Critical,"99.96"
ACMDPAP66,"D:","85.86%",Warning,"85.86"
ACMDPAP66,"C:","78.14%",Warning,"78.14"
ACMDPAP68,"E:","99.97%",Critical,"99.97"
ACMDPAP68,"F:","99.93%",Critical,"99.93"
ACMDPAP68,"D:","99.74%",Critical,"99.74"
ACMDPAP68,"C:","69.88%",Warning,"69.88"
ACMDPAP72,"E:","99.97%",Critical,"99.97"
ACMDPAP72,"D:","99.96%",Critical,"99.96"
ACMDPAP72,"F:","99.93%",Critical,"99.93"
ACMDPAP72,"C:","74.42%",Warning,"74.42"
ACMDPAP92,"C:","70.08%",Warning,"70.08"
ACMDPAP92,"D:","18.63%",Healthy,"18.63"
ACMDPAP99,"D:","99.0%",Critical,99
ACMDPAP99,"C:","32.67%",Healthy,"32.67"
ACMDPBD09,"P:","99.87%",Critical,"99.87"
ACMDPBD09,"H:","99.57%",Critical,"99.57"
ACMDPBD09,"F:","97.98%",Critical,"97.98"
ACMDPBD09,"I:","86.55%",Warning,"86.55"
ACMDPBD09,"D:","81.49%",Warning,"81.49"
ACMDPBD09,"C:","66.66%",Warning,"66.66"
ACMDPBD09,"J:","21.24%",Healthy,"21.24"
ACMDPBD09,"K:","19.63%",Healthy,"19.63"
ACMDPBD09,"E:","18.15%",Healthy,"18.15"
ACMDPBD102,"P:","99.82%",Critical,"99.82"
ACMDPBD102,"I:","96.69%",Critical,"96.69"
ACMDPBD102,"F:","87.49%",Warning,"87.49"
ACMDPBD102,"D:","73.77%",Warning,"73.77"
ACMDPBD102,"C:","62.55%",Warning,"62.55"
ACMDPBD102,"H:","39.16%",Healthy,"39.16"
ACMDPBD102,"J:","34.06%",Healthy,"34.06"
ACMDPBD102,"E:","26.94%",Healthy,"26.94"
ACMDPBD105,"D:","57.37%",Healthy,"57.37"
ACMDPBD105,"C:","29.75%",Healthy,"29.75"
ACMDPBD105,"E:","14.06%",Healthy,"14.06"
ACMDPBD105,"H:","7.3%",Healthy,"7.3"
ACMDPBD115,"N:","94.66%",Critical,"94.66"
ACMDPBD115,"L:","92.02%",Critical,"92.02"
ACMDPBD115,"G:","87.09%",Warning,"87.09"
ACMDPBD115,"M:","77.27%",Warning,"77.27"
ACMDPBD115,"D:","60.83%",Warning,"60.83"
ACMDPBD115,"J:","38.3%",Healthy,"38.3"
ACMDPBD115,"C:","29.41%",Healthy,"29.41"
ACMDPBD115,"I:","25.61%",Healthy,"25.61"
ACMDPBD115,"K:","17.93%",Healthy,"17.93"
ACMDPBD115,"H:","1.78%",Healthy,"1.78"
ACMDPBD115,"P:","0.6%",Healthy,"0.6"
ACMDPBD120,"P:","99.87%",Critical,"99.87"
ACMDPBD120,"R:","99.68%",Critical,"99.68"
ACMDPBD120,"Q:","92.5%",Critical,"92.5"
ACMDPBD120,"F:","85.75%",Warning,"85.75"
ACMDPBD120,"D:","82.18%",Warning,"82.18"
ACMDPBD120,"N:","59.12%",Healthy,"59.12"
ACMDPBD120,"C:","57.24%",Healthy,"57.24"
ACMDPBD120,"G:","43.3%",Healthy,"43.3"
ACMDPBD120,"K:","20.04%",Healthy,"20.04"
ACMDPBD120,"E:","13.99%",Healthy,"13.99"
ACMDPBD120,"I:","13.09%",Healthy,"13.09"
ACMDPBD120,"H:","11.25%",Healthy,"11.25"
ACMDPBD120,"L:","2.85%",Healthy,"2.85"
ACMDPBD120,"M:","2.39%",Healthy,"2.39"
ACMDPBD120,"J:","1.65%",Healthy,"1.65"
ACMDPBD122,"I:","99.93%",Critical,"99.93"
ACMDPBD122,"H:","81.39%",Warning,"81.39"
ACMDPBD122,"D:","68.05%",Warning,"68.05"
ACMDPBD122,"F:","65.81%",Warning,"65.81"
ACMDPBD122,"C:","58.58%",Healthy,"58.58"
ACMDPBD122,"E:","16.22%",Healthy,"16.22"
ACMDPBD123,"H:","92.24%",Critical,"92.24"
ACMDPBD123,"C:","68.8%",Warning,"68.8"
ACMDPBD123,"F:","65.81%",Warning,"65.81"
ACMDPBD123,"D:","64.31%",Warning,"64.31"
ACMDPBD123,"E:","16.22%",Healthy,"16.22"
ACMDPBD125,"Q:","99.95%",Critical,"99.95"
ACMDPBD125,"Y:","99.94%",Critical,"99.94"
ACMDPBD125,"T:","99.93%",Critical,"99.93"
ACMDPBD125,"S:","99.93%",Critical,"99.93"
ACMDPBD125,"X:","99.92%",Critical,"99.92"
ACMDPBD125,"R:","99.89%",Critical,"99.89"
ACMDPBD125,"G:","87.27%",Warning,"87.27"
ACMDPBD125,"J:","81.67%",Warning,"81.67"
ACMDPBD125,"C:","65.49%",Warning,"65.49"
ACMDPBD125,"I:","62.11%",Warning,"62.11"
ACMDPBD125,"F:","58.57%",Healthy,"58.57"
ACMDPBD125,"D:","58.19%",Healthy,"58.19"
ACMDPBD125,"L:","37.51%",Healthy,"37.51"
ACMDPBD125,"M:","36.43%",Healthy,"36.43"
ACMDPBD125,"N:","32.67%",Healthy,"32.67"
ACMDPBD125,"K:","27.76%",Healthy,"27.76"
ACMDPBD125,"H:","22.82%",Healthy,"22.82"
ACMDPBD125,"P:","19.79%",Healthy,"19.79"
ACMDPBD125,"E:","4.62%",Healthy,"4.62"
ACMDPBD126,"Y:","99.96%",Critical,"99.96"
ACMDPBD126,"X:","99.94%",Critical,"99.94"
ACMDPBD126,"J:","97.46%",Critical,"97.46"
ACMDPBD126,"R:","92.28%",Critical,"92.28"
ACMDPBD126,"Q:","79.08%",Warning,"79.08"
ACMDPBD126,"D:","69.98%",Warning,"69.98"
ACMDPBD126,"F:","57.77%",Healthy,"57.77"
ACMDPBD126,"C:","53.06%",Healthy,"53.06"
ACMDPBD126,"I:","50.76%",Healthy,"50.76"
ACMDPBD126,"L:","37.28%",Healthy,"37.28"
ACMDPBD126,"S:","37.2%",Healthy,"37.2"
ACMDPBD126,"T:","37.18%",Healthy,"37.18"
ACMDPBD126,"M:","36.14%",Healthy,"36.14"
ACMDPBD126,"N:","32.67%",Healthy,"32.67"
ACMDPBD126,"K:","27.76%",Healthy,"27.76"
ACMDPBD126,"H:","22.82%",Healthy,"22.82"
ACMDPBD126,"G:","20.12%",Healthy,"20.12"
ACMDPBD126,"P:","19.79%",Healthy,"19.79"
ACMDPBD126,"E:","4.62%",Healthy,"4.62"
ACMDPBD127,"H:","99.81%",Critical,"99.81"
ACMDPBD127,"G:","78.02%",Warning,"78.02"
ACMDPBD127,"D:","73.51%",Warning,"73.51"
ACMDPBD127,"F:","59.8%",Healthy,"59.8"
ACMDPBD127,"C:","50.01%",Healthy,"50.01"
ACMDPBD127,"P:","19.79%",Healthy,"19.79"
ACMDPBD127,"E:","10.65%",Healthy,"10.65"
ACMDPBD128,"H:","99.81%",Critical,"99.81"
ACMDPBD128,"G:","61.9%",Warning,"61.9"
ACMDPBD128,"D:","60.52%",Warning,"60.52"
ACMDPBD128,"F:","60.18%",Warning,"60.18"
ACMDPBD128,"C:","21.62%",Healthy,"21.62"
ACMDPBD128,"P:","19.59%",Healthy,"19.59"
ACMDPBD128,"E:","15.7%",Healthy,"15.7"
ACMDPBD136,"I:","98.44%",Critical,"98.44"
ACMDPBD136,"H:","91.04%",Critical,"91.04"
ACMDPBD136,"F:","64.72%",Warning,"64.72"
ACMDPBD136,"C:","57.95%",Healthy,"57.95"
ACMDPBD136,"L:","54.54%",Healthy,"54.54"
ACMDPBD136,"E:","52.71%",Healthy,"52.71"
ACMDPBD136,"J:","44.67%",Healthy,"44.67"
ACMDPBD136,"G:","44.09%",Healthy,"44.09"
ACMDPBD136,"M:","42.29%",Healthy,"42.29"
ACMDPBD136,"D:","31.87%",Healthy,"31.87"
ACMDPBD136,"N:","31.35%",Healthy,"31.35"
ACMDPBD136,"K:","22.24%",Healthy,"22.24"
ACMDPBD136,"P:","4.86%",Healthy,"4.86"
ACMDPBD137,"I:","98.44%",Critical,"98.44"
ACMDPBD137,"P:","91.91%",Critical,"91.91"
ACMDPBD137,"X:","87.97%",Warning,"87.97"
ACMDPBD137,"D:","81.52%",Warning,"81.52"
ACMDPBD137,"G:","64.79%",Warning,"64.79"
ACMDPBD137,"F:","64.76%",Warning,"64.76"
ACMDPBD137,"L:","54.59%",Healthy,"54.59"
ACMDPBD137,"E:","52.71%",Healthy,"52.71"
ACMDPBD137,"C:","52.56%",Healthy,"52.56"
ACMDPBD137,"K:","22.26%",Healthy,"22.26"
ACMDPBD137,"H:","19.74%",Healthy,"19.74"
ACMDPBD139,"I:","98.71%",Critical,"98.71"
ACMDPBD139,"P:","94.17%",Critical,"94.17"
ACMDPBD139,"X:","91.53%",Critical,"91.53"
ACMDPBD139,"D:","86.74%",Warning,"86.74"
ACMDPBD139,"F:","64.72%",Warning,"64.72"
ACMDPBD139,"G:","64.46%",Warning,"64.46"
ACMDPBD139,"L:","54.54%",Healthy,"54.54"
ACMDPBD139,"E:","52.64%",Healthy,"52.64"
ACMDPBD139,"C:","43.02%",Healthy,"43.02"
ACMDPBD139,"K:","22.24%",Healthy,"22.24"
ACMDPBD139,"H:","19.74%",Healthy,"19.74"
ACMDPBD14,"F:","97.79%",Critical,"97.79"
ACMDPBD14,"D:","85.59%",Warning,"85.59"
ACMDPBD14,"G:","76.04%",Warning,"76.04"
ACMDPBD14,"C:","67.41%",Warning,"67.41"
ACMDPBD14,"E:","62.98%",Warning,"62.98"
ACMDPBD14,"P:","25.99%",Healthy,"25.99"
ACMDPBD140,"I:","98.71%",Critical,"98.71"
ACMDPBD140,"P:","94.16%",Critical,"94.16"
ACMDPBD140,"X:","86.8%",Warning,"86.8"
ACMDPBD140,"D:","75.31%",Warning,"75.31"
ACMDPBD140,"F:","63.81%",Warning,"63.81"
ACMDPBD140,"H:","58.37%",Healthy,"58.37"
ACMDPBD140,"L:","54.59%",Healthy,"54.59"
ACMDPBD140,"E:","52.71%",Healthy,"52.71"
ACMDPBD140,"C:","48.91%",Healthy,"48.91"
ACMDPBD140,"G:","47.77%",Healthy,"47.77"
ACMDPBD140,"K:","22.26%",Healthy,"22.26"
ACMDPBD141,"H:","99.28%",Critical,"99.28"
ACMDPBD141,"I:","98.9%",Critical,"98.9"
ACMDPBD141,"C:","66.54%",Warning,"66.54"
ACMDPBD141,"D:","64.06%",Warning,"64.06"
ACMDPBD141,"F:","39.02%",Healthy,"39.02"
ACMDPBD141,"J:","20.63%",Healthy,"20.63"
ACMDPBD141,"E:","6.65%",Healthy,"6.65"
ACMDPBD142,"I:","93.55%",Critical,"93.55"
ACMDPBD142,"D:","47.64%",Healthy,"47.64"
ACMDPBD142,"F:","44.02%",Healthy,"44.02"
ACMDPBD142,"C:","43.1%",Healthy,"43.1"
ACMDPBD142,"H:","26.1%",Healthy,"26.1"
ACMDPBD142,"J:","19.75%",Healthy,"19.75"
ACMDPBD142,"E:","6.65%",Healthy,"6.65"
ACMDPBD145,"L:","87.04%",Warning,"87.04"
ACMDPBD145,"D:","76.75%",Warning,"76.75"
ACMDPBD145,"C:","40.86%",Healthy,"40.86"
ACMDPBD145,"J:","38.63%",Healthy,"38.63"
ACMDPBD145,"M:","33.85%",Healthy,"33.85"
ACMDPBD145,"I:","31.06%",Healthy,"31.06"
ACMDPBD145,"E:","22.91%",Healthy,"22.91"
ACMDPBD145,"K:","8.07%",Healthy,"8.07"
ACMDPBD145,"H:","3.75%",Healthy,"3.75"
ACMDPBD145,"F:","0.0%",Healthy,0
ACMDPBD151,"F:","93.52%",Critical,"93.52"
ACMDPBD151,"I:","89.55%",Warning,"89.55"
ACMDPBD151,"D:","79.4%",Warning,"79.4"
ACMDPBD151,"H:","69.74%",Warning,"69.74"
ACMDPBD151,"C:","52.45%",Healthy,"52.45"
ACMDPBD151,"E:","30.44%",Healthy,"30.44"
ACMDPBD152,"G:","99.71%",Critical,"99.71"
ACMDPBD152,"I:","98.07%",Critical,"98.07"
ACMDPBD152,"F:","93.55%",Critical,"93.55"
ACMDPBD152,"H:","85.61%",Warning,"85.61"
ACMDPBD152,"D:","78.69%",Warning,"78.69"
ACMDPBD152,"C:","64.71%",Warning,"64.71"
ACMDPBD152,"E:","30.28%",Healthy,"30.28"
ACMDPBD157,"E:","85.32%",Warning,"85.32"
ACMDPBD157,"F:","85.31%",Warning,"85.31"
ACMDPBD157,"C:","69.2%",Warning,"69.2"
ACMDPBD157,"D:","67.49%",Warning,"67.49"
ACMDPBD158,"E:","85.31%",Warning,"85.31"
ACMDPBD158,"F:","85.31%",Warning,"85.31"
ACMDPBD158,"D:","70.2%",Warning,"70.2"
ACMDPBD158,"C:","67.81%",Warning,"67.81"
ACMDPBD165,"P:","99.58%",Critical,"99.58"
ACMDPBD165,"F:","78.37%",Warning,"78.37"
ACMDPBD165,"J:","76.98%",Warning,"76.98"
ACMDPBD165,"D:","69.32%",Warning,"69.32"
ACMDPBD165,"L:","41.1%",Healthy,"41.1"
ACMDPBD165,"C:","36.12%",Healthy,"36.12"
ACMDPBD165,"M:","21.29%",Healthy,"21.29"
ACMDPBD165,"I:","20.97%",Healthy,"20.97"
ACMDPBD165,"G:","14.94%",Healthy,"14.94"
ACMDPBD165,"E:","10.43%",Healthy,"10.43"
ACMDPBD165,"H:","4.07%",Healthy,"4.07"
ACMDPBD165,"K:","2.69%",Healthy,"2.69"
ACMDPBD166,"P:","99.59%",Critical,"99.59"
ACMDPBD166,"J:","98.58%",Critical,"98.58"
ACMDPBD166,"F:","95.62%",Critical,"95.62"
ACMDPBD166,"H:","74.17%",Warning,"74.17"
ACMDPBD166,"E:","73.54%",Warning,"73.54"
ACMDPBD166,"D:","68.08%",Warning,"68.08"
ACMDPBD166,"C:","65.37%",Warning,"65.37"
ACMDPBD166,"I:","11.62%",Healthy,"11.62"
ACMDPBD167,"I:","99.85%",Critical,"99.85"
ACMDPBD167,"D:","73.84%",Warning,"73.84"
ACMDPBD167,"H:","71.35%",Warning,"71.35"
ACMDPBD167,"J:","57.25%",Healthy,"57.25"
ACMDPBD167,"L:","55.85%",Healthy,"55.85"
ACMDPBD167,"C:","55.51%",Healthy,"55.51"
ACMDPBD167,"K:","54.73%",Healthy,"54.73"
ACMDPBD167,"P:","46.48%",Healthy,"46.48"
ACMDPBD167,"F:","19.03%",Healthy,"19.03"
ACMDPBD167,"E:","12.49%",Healthy,"12.49"
ACMDPBD17,"E:","99.76%",Critical,"99.76"
ACMDPBD17,"F:","73.93%",Warning,"73.93"
ACMDPBD17,"D:","70.02%",Warning,"70.02"
ACMDPBD17,"C:","60.63%",Warning,"60.63"
ACMDPBD175,"P:","99.59%",Critical,"99.59"
ACMDPBD175,"O:","95.34%",Critical,"95.34"
ACMDPBD175,"F:","80.35%",Warning,"80.35"
ACMDPBD175,"D:","71.41%",Warning,"71.41"
ACMDPBD175,"E:","70.63%",Warning,"70.63"
ACMDPBD175,"C:","57.42%",Healthy,"57.42"
ACMDPBD176,"P:","99.59%",Critical,"99.59"
ACMDPBD176,"O:","95.34%",Critical,"95.34"
ACMDPBD176,"D:","89.43%",Warning,"89.43"
ACMDPBD176,"F:","80.35%",Warning,"80.35"
ACMDPBD176,"E:","75.67%",Warning,"75.67"
ACMDPBD176,"C:","24.84%",Healthy,"24.84"
ACMDPBD177,"O:","95.34%",Critical,"95.34"
ACMDPBD177,"P:","92.9%",Critical,"92.9"
ACMDPBD177,"D:","92.06%",Critical,"92.06"
ACMDPBD177,"Z:","91.02%",Critical,"91.02"
ACMDPBD177,"F:","80.35%",Warning,"80.35"
ACMDPBD177,"E:","73.98%",Warning,"73.98"
ACMDPBD177,"C:","59.2%",Healthy,"59.2"
ACMDPBD187,"G:","96.92%",Critical,"96.92"
ACMDPBD187,"P:","58.79%",Healthy,"58.79"
ACMDPBD187,"F:","52.46%",Healthy,"52.46"
ACMDPBD187,"H:","48.1%",Healthy,"48.1"
ACMDPBD187,"D:","35.79%",Healthy,"35.79"
ACMDPBD187,"I:","22.38%",Healthy,"22.38"
ACMDPBD187,"L:","21.05%",Healthy,"21.05"
ACMDPBD187,"E:","16.67%",Healthy,"16.67"
ACMDPBD187,"K:","14.97%",Healthy,"14.97"
ACMDPBD187,"C:","7.33%",Healthy,"7.33"
ACMDPBD187,"J:","0.6%",Healthy,"0.6"
ACMDPBD188,"D:","57.08%",Healthy,"57.08"
ACMDPBD188,"F:","52.81%",Healthy,"52.81"
ACMDPBD188,"I:","41.78%",Healthy,"41.78"
ACMDPBD188,"H:","28.68%",Healthy,"28.68"
ACMDPBD188,"C:","23.82%",Healthy,"23.82"
ACMDPBD188,"L:","21.05%",Healthy,"21.05"
ACMDPBD188,"E:","16.68%",Healthy,"16.68"
ACMDPBD188,"P:","15.17%",Healthy,"15.17"
ACMDPBD188,"K:","14.97%",Healthy,"14.97"
ACMDPBD188,"J:","0.6%",Healthy,"0.6"
ACMDPBD19,"D:","86.21%",Warning,"86.21"
ACMDPBD19,"C:","62.6%",Warning,"62.6"
ACMDPBD19,"F:","52.99%",Healthy,"52.99"
ACMDPBD19,"E:","33.29%",Healthy,"33.29"
ACMDPBD190,"F:","80.75%",Warning,"80.75"
ACMDPBD190,"D:","65.18%",Warning,"65.18"
ACMDPBD190,"C:","47.51%",Healthy,"47.51"
ACMDPBD190,"S:","25.24%",Healthy,"25.24"
ACMDPBD190,"I:","22.86%",Healthy,"22.86"
ACMDPBD190,"E:","20.24%",Healthy,"20.24"
ACMDPBD192,"X:","99.71%",Critical,"99.71"
ACMDPBD192,"D:","77.87%",Warning,"77.87"
ACMDPBD192,"E:","70.57%",Warning,"70.57"
ACMDPBD192,"C:","63.48%",Warning,"63.48"
ACMDPBD192,"F:","29.15%",Healthy,"29.15"
ACMDPBD192,"P:","21.51%",Healthy,"21.51"
ACMDPBD192,"H:","20.12%",Healthy,"20.12"
ACMDPBD195,"D:","75.79%",Warning,"75.79"
ACMDPBD195,"H:","74.32%",Warning,"74.32"
ACMDPBD195,"C:","64.4%",Warning,"64.4"
ACMDPBD195,"G:","33.39%",Healthy,"33.39"
ACMDPBD195,"X:","31.54%",Healthy,"31.54"
ACMDPBD195,"F:","28.65%",Healthy,"28.65"
ACMDPBD195,"P:","21.51%",Healthy,"21.51"
ACMDPBD195,"E:","19.54%",Healthy,"19.54"
ACMDPBD201,"P:","99.45%",Critical,"99.45"
ACMDPBD201,"D:","78.81%",Warning,"78.81"
ACMDPBD201,"F:","71.94%",Warning,"71.94"
ACMDPBD201,"C:","59.67%",Healthy,"59.67"
ACMDPBD201,"E:","27.41%",Healthy,"27.41"
ACMDPBD202,"P:","99.45%",Critical,"99.45"
ACMDPBD202,"D:","79.98%",Warning,"79.98"
ACMDPBD202,"F:","71.94%",Warning,"71.94"
ACMDPBD202,"C:","62.81%",Warning,"62.81"
ACMDPBD202,"E:","27.41%",Healthy,"27.41"
ACMDPBD212,"D:","88.43%",Warning,"88.43"
ACMDPBD212,"H:","82.82%",Warning,"82.82"
ACMDPBD212,"E:","50.24%",Healthy,"50.24"
ACMDPBD212,"C:","22.14%",Healthy,"22.14"
ACMDPBD212,"F:","21.61%",Healthy,"21.61"
ACMDPBD213,"H:","82.82%",Warning,"82.82"
ACMDPBD213,"D:","70.83%",Warning,"70.83"
ACMDPBD213,"E:","39.26%",Healthy,"39.26"
ACMDPBD213,"C:","32.5%",Healthy,"32.5"
ACMDPBD213,"F:","21.61%",Healthy,"21.61"
ACMDPBD216,"H:","97.8%",Critical,"97.8"
ACMDPBD216,"C:","61.8%",Warning,"61.8"
ACMDPBD216,"D:","58.13%",Healthy,"58.13"
ACMDPBD216,"F:","52.8%",Healthy,"52.8"
ACMDPBD216,"I:","22.33%",Healthy,"22.33"
ACMDPBD216,"L:","21.06%",Healthy,"21.06"
ACMDPBD216,"E:","16.59%",Healthy,"16.59"
ACMDPBD216,"P:","15.17%",Healthy,"15.17"
ACMDPBD216,"K:","14.97%",Healthy,"14.97"
ACMDPBD216,"J:","0.6%",Healthy,"0.6"
ACMDPBD220,"D:","69.32%",Warning,"69.32"
ACMDPBD220,"C:","58.71%",Healthy,"58.71"
ACMDPBD222,"H:","90.66%",Critical,"90.66"
ACMDPBD222,"D:","53.74%",Healthy,"53.74"
ACMDPBD222,"F:","52.8%",Healthy,"52.8"
ACMDPBD222,"C:","40.94%",Healthy,"40.94"
ACMDPBD222,"M:","34.68%",Healthy,"34.68"
ACMDPBD222,"I:","22.33%",Healthy,"22.33"
ACMDPBD222,"L:","21.05%",Healthy,"21.05"
ACMDPBD222,"E:","17.0%",Healthy,17
ACMDPBD222,"P:","15.17%",Healthy,"15.17"
ACMDPBD222,"K:","13.96%",Healthy,"13.96"
ACMDPBD222,"J:","0.6%",Healthy,"0.6"
ACMDPBD223,"H:","99.57%",Critical,"99.57"
ACMDPBD223,"F:","85.96%",Warning,"85.96"
ACMDPBD223,"D:","73.23%",Warning,"73.23"
ACMDPBD223,"K:","72.81%",Warning,"72.81"
ACMDPBD223,"C:","67.33%",Warning,"67.33"
ACMDPBD223,"J:","61.03%",Warning,"61.03"
ACMDPBD223,"E:","34.78%",Healthy,"34.78"
ACMDPBD223,"I:","23.92%",Healthy,"23.92"
ACMDPBD225,"H:","99.57%",Critical,"99.57"
ACMDPBD225,"F:","85.96%",Warning,"85.96"
ACMDPBD225,"K:","72.81%",Warning,"72.81"
ACMDPBD225,"C:","72.18%",Warning,"72.18"
ACMDPBD225,"D:","71.8%",Warning,"71.8"
ACMDPBD225,"J:","61.03%",Warning,"61.03"
ACMDPBD225,"E:","46.68%",Healthy,"46.68"
ACMDPBD225,"I:","23.92%",Healthy,"23.92"
ACMDPBD226,"E:","99.89%",Critical,"99.89"
ACMDPBD226,"F:","99.85%",Critical,"99.85"
ACMDPBD226,"J:","99.85%",Critical,"99.85"
ACMDPBD226,"K:","99.85%",Critical,"99.85"
ACMDPBD226,"I:","99.71%",Critical,"99.71"
ACMDPBD226,"H:","99.57%",Critical,"99.57"
ACMDPBD226,"D:","77.68%",Warning,"77.68"
ACMDPBD226,"C:","55.31%",Healthy,"55.31"
ACMDPBD23,"I:","98.69%",Critical,"98.69"
ACMDPBD23,"D:","81.44%",Warning,"81.44"
ACMDPBD23,"F:","72.7%",Warning,"72.7"
ACMDPBD23,"H:","69.94%",Warning,"69.94"
ACMDPBD23,"C:","55.74%",Healthy,"55.74"
ACMDPBD23,"E:","19.4%",Healthy,"19.4"
ACMDPBD230,"F:","87.72%",Warning,"87.72"
ACMDPBD230,"D:","83.48%",Warning,"83.48"
ACMDPBD230,"C:","21.87%",Healthy,"21.87"
ACMDPBD230,"E:","17.76%",Healthy,"17.76"
ACMDPBD28,"H:","97.84%",Critical,"97.84"
ACMDPBD28,"I:","97.46%",Critical,"97.46"
ACMDPBD28,"E:","94.49%",Critical,"94.49"
ACMDPBD28,"D:","83.06%",Warning,"83.06"
ACMDPBD28,"F:","76.62%",Warning,"76.62"
ACMDPBD28,"C:","61.92%",Warning,"61.92"
ACMDPBD29,"H:","98.81%",Critical,"98.81"
ACMDPBD29,"P:","95.26%",Critical,"95.26"
ACMDPBD29,"E:","83.21%",Warning,"83.21"
ACMDPBD29,"G:","69.6%",Warning,"69.6"
ACMDPBD29,"F:","60.39%",Warning,"60.39"
ACMDPBD29,"C:","45.09%",Healthy,"45.09"
ACMDPBD29,"D:","38.52%",Healthy,"38.52"
ACMDPBD30,"G:","99.79%",Critical,"99.79"
ACMDPBD30,"H:","98.7%",Critical,"98.7"
ACMDPBD30,"P:","95.26%",Critical,"95.26"
ACMDPBD30,"D:","85.15%",Warning,"85.15"
ACMDPBD30,"E:","83.15%",Warning,"83.15"
ACMDPBD30,"F:","60.39%",Warning,"60.39"
ACMDPBD30,"C:","50.25%",Healthy,"50.25"
ACMDPBD35,"F:","98.59%",Critical,"98.59"
ACMDPBD35,"E:","91.96%",Critical,"91.96"
ACMDPBD35,"D:","84.04%",Warning,"84.04"
ACMDPBD35,"C:","55.1%",Healthy,"55.1"
ACMDPBD37,"F:","99.84%",Critical,"99.84"
ACMDPBD37,"D:","67.03%",Warning,"67.03"
ACMDPBD37,"K:","25.96%",Healthy,"25.96"
ACMDPBD37,"I:","25.14%",Healthy,"25.14"
ACMDPBD37,"C:","22.12%",Healthy,"22.12"
ACMDPBD37,"J:","4.06%",Healthy,"4.06"
ACMDPBD37,"E:","2.74%",Healthy,"2.74"
ACMDPBD38,"P:","99.76%",Critical,"99.76"
ACMDPBD38,"F:","88.33%",Warning,"88.33"
ACMDPBD38,"I:","71.24%",Warning,"71.24"
ACMDPBD38,"D:","67.32%",Warning,"67.32"
ACMDPBD38,"E:","34.39%",Healthy,"34.39"
ACMDPBD38,"H:","31.36%",Healthy,"31.36"
ACMDPBD38,"M:","29.77%",Healthy,"29.77"
ACMDPBD38,"J:","27.45%",Healthy,"27.45"
ACMDPBD38,"L:","25.72%",Healthy,"25.72"
ACMDPBD38,"K:","18.71%",Healthy,"18.71"
ACMDPBD38,"C:","15.84%",Healthy,"15.84"
ACMDPBD38,"N:","3.1%",Healthy,"3.1"
ACMDPBD40,"J:","81.67%",Warning,"81.67"
ACMDPBD40,"C:","64.28%",Warning,"64.28"
ACMDPBD40,"F:","58.35%",Healthy,"58.35"
ACMDPBD40,"K:","53.68%",Healthy,"53.68"
ACMDPBD40,"G:","38.22%",Healthy,"38.22"
ACMDPBD40,"D:","34.52%",Healthy,"34.52"
ACMDPBD40,"I:","33.61%",Healthy,"33.61"
ACMDPBD40,"N:","32.67%",Healthy,"32.67"
ACMDPBD40,"L:","32.17%",Healthy,"32.17"
ACMDPBD40,"H:","22.76%",Healthy,"22.76"
ACMDPBD40,"P:","19.79%",Healthy,"19.79"
ACMDPBD40,"M:","7.14%",Healthy,"7.14"
ACMDPBD40,"E:","4.52%",Healthy,"4.52"
ACMDPBD42,"E:","78.26%",Warning,"78.26"
ACMDPBD42,"D:","66.83%",Warning,"66.83"
ACMDPBD42,"C:","58.63%",Healthy,"58.63"
ACMDPBD42,"F:","41.93%",Healthy,"41.93"
ACMDPBD42,"P:","19.59%",Healthy,"19.59"
ACMDPBD43,"E:","78.96%",Warning,"78.96"
ACMDPBD43,"D:","66.25%",Warning,"66.25"
ACMDPBD43,"C:","65.06%",Warning,"65.06"
ACMDPBD43,"F:","46.03%",Healthy,"46.03"
ACMDPBD43,"P:","19.59%",Healthy,"19.59"
ACMDPBD46,"F:","93.33%",Critical,"93.33"
ACMDPBD46,"E:","87.71%",Warning,"87.71"
ACMDPBD46,"D:","69.54%",Warning,"69.54"
ACMDPBD46,"C:","56.31%",Healthy,"56.31"
ACMDPBD46,"P:","19.59%",Healthy,"19.59"
ACMDPBD47,"F:","93.33%",Critical,"93.33"
ACMDPBD47,"E:","88.89%",Warning,"88.89"
ACMDPBD47,"D:","68.0%",Warning,68
ACMDPBD47,"C:","58.66%",Healthy,"58.66"
ACMDPBD47,"P:","19.57%",Healthy,"19.57"
ACMDPBD50,"H:","99.71%",Critical,"99.71"
ACMDPBD50,"F:","97.59%",Critical,"97.59"
ACMDPBD50,"E:","90.04%",Critical,"90.04"
ACMDPBD50,"G:","79.78%",Warning,"79.78"
ACMDPBD50,"C:","66.06%",Warning,"66.06"
ACMDPBD50,"D:","39.33%",Healthy,"39.33"
ACMDPBD51,"E:","99.71%",Critical,"99.71"
ACMDPBD51,"F:","99.68%",Critical,"99.68"
ACMDPBD51,"D:","85.61%",Warning,"85.61"
ACMDPBD51,"C:","79.69%",Warning,"79.69"
ACMDPBD53,"F:","95.69%",Critical,"95.69"
ACMDPBD53,"E:","91.41%",Critical,"91.41"
ACMDPBD53,"D:","82.66%",Warning,"82.66"
ACMDPBD53,"C:","57.03%",Healthy,"57.03"
ACMDPBD54,"E:","99.89%",Critical,"99.89"
ACMDPBD54,"F:","99.85%",Critical,"99.85"
ACMDPBD54,"H:","99.57%",Critical,"99.57"
ACMDPBD54,"D:","83.53%",Warning,"83.53"
ACMDPBD54,"C:","66.91%",Warning,"66.91"
ACMDPBD56,"F:","85.56%",Warning,"85.56"
ACMDPBD56,"D:","80.9%",Warning,"80.9"
ACMDPBD56,"C:","31.37%",Healthy,"31.37"
ACMDPBD56,"E:","22.08%",Healthy,"22.08"
ACMDPBD57,"F:","99.74%",Critical,"99.74"
ACMDPBD57,"G:","99.16%",Critical,"99.16"
ACMDPBD57,"E:","92.15%",Critical,"92.15"
ACMDPBD57,"C:","59.1%",Healthy,"59.1"
ACMDPBD57,"D:","36.67%",Healthy,"36.67"
ACMDPBD62,"H:","99.8%",Critical,"99.8"
ACMDPBD62,"E:","98.18%",Critical,"98.18"
ACMDPBD62,"F:","95.77%",Critical,"95.77"
ACMDPBD62,"D:","92.59%",Critical,"92.59"
ACMDPBD62,"C:","49.61%",Healthy,"49.61"
ACMDPBD63,"H:","99.8%",Critical,"99.8"
ACMDPBD63,"E:","98.53%",Critical,"98.53"
ACMDPBD63,"F:","95.77%",Critical,"95.77"
ACMDPBD63,"D:","92.41%",Critical,"92.41"
ACMDPBD63,"C:","54.07%",Healthy,"54.07"
ACMDPBD66,"E:","99.89%",Critical,"99.89"
ACMDPBD66,"F:","99.7%",Critical,"99.7"
ACMDPBD66,"D:","96.92%",Critical,"96.92"
ACMDPBD66,"C:","72.75%",Warning,"72.75"
ACMDPBD67,"E:","99.95%",Critical,"99.95"
ACMDPBD67,"F:","99.91%",Critical,"99.91"
ACMDPBD67,"D:","96.58%",Critical,"96.58"
ACMDPBD67,"C:","73.49%",Warning,"73.49"
ACMDPBD68,"E:","79.55%",Warning,"79.55"
ACMDPBD68,"C:","71.61%",Warning,"71.61"
ACMDPBD68,"F:","67.4%",Warning,"67.4"
ACMDPBD68,"D:","16.72%",Healthy,"16.72"
ACMDPBD69,"E:","99.95%",Critical,"99.95"
ACMDPBD69,"F:","99.91%",Critical,"99.91"
ACMDPBD69,"D:","96.17%",Critical,"96.17"
ACMDPBD69,"C:","71.99%",Warning,"71.99"
ACMDPBD70,"E:","99.95%",Critical,"99.95"
ACMDPBD70,"F:","99.91%",Critical,"99.91"
ACMDPBD70,"D:","96.71%",Critical,"96.71"
ACMDPBD70,"C:","72.76%",Warning,"72.76"
ACMDPBD72,"G:","99.97%",Critical,"99.97"
ACMDPBD72,"E:","99.95%",Critical,"99.95"
ACMDPBD72,"F:","99.91%",Critical,"99.91"
ACMDPBD72,"H:","99.73%",Critical,"99.73"
ACMDPBD72,"D:","97.38%",Critical,"97.38"
ACMDPBD72,"C:","67.73%",Warning,"67.73"
ACMDPBD73,"G:","99.97%",Critical,"99.97"
ACMDPBD73,"E:","99.95%",Critical,"99.95"
ACMDPBD73,"F:","99.91%",Critical,"99.91"
ACMDPBD73,"H:","99.73%",Critical,"99.73"
ACMDPBD73,"D:","97.4%",Critical,"97.4"
ACMDPBD73,"C:","67.27%",Warning,"67.27"
ACMDPBD81,"H:","100.0%",Critical,100
ACMDPBD81,"E:","99.98%",Critical,"99.98"
ACMDPBD81,"F:","77.6%",Warning,"77.6"
ACMDPBD81,"D:","68.03%",Warning,"68.03"
ACMDPBD81,"C:","45.0%",Healthy,45
ACMDPBD81,"O:","37.81%",Healthy,"37.81"
ACMDPBD81,"J:","36.76%",Healthy,"36.76"
ACMDPBD81,"I:","33.97%",Healthy,"33.97"
ACMDPBD81,"M:","15.71%",Healthy,"15.71"
ACMDPBD81,"K:","11.28%",Healthy,"11.28"
ACMDPBD81,"N:","10.43%",Healthy,"10.43"
ACMDPBD81,"L:","10.38%",Healthy,"10.38"
ACMDPBD81,"G:","6.65%",Healthy,"6.65"
ACMDPBD82,"F:","84.82%",Warning,"84.82"
ACMDPBD82,"D:","70.22%",Warning,"70.22"
ACMDPBD82,"G:","68.43%",Warning,"68.43"
ACMDPBD82,"C:","37.05%",Healthy,"37.05"
ACMDPBD82,"P:","35.84%",Healthy,"35.84"
ACMDPBD82,"E:","9.74%",Healthy,"9.74"
ACMDPBD92,"N:","95.39%",Critical,"95.39"
ACMDPBD92,"H:","86.45%",Warning,"86.45"
ACMDPBD92,"L:","64.5%",Warning,"64.5"
ACMDPBD92,"J:","56.83%",Healthy,"56.83"
ACMDPBD92,"D:","41.38%",Healthy,"41.38"
ACMDPBD92,"C:","39.04%",Healthy,"39.04"
ACMDPBD92,"E:","23.71%",Healthy,"23.71"
ACMDPBD92,"T:","19.39%",Healthy,"19.39"
ACMDPBD92,"G:","16.9%",Healthy,"16.9"
ACMDPBD92,"P:","14.6%",Healthy,"14.6"
ACMDPBD92,"F:","1.42%",Healthy,"1.42"
ACMDPBD95,"F:","93.51%",Critical,"93.51"
ACMDPBD95,"D:","90.95%",Critical,"90.95"
ACMDPBD95,"C:","22.81%",Healthy,"22.81"
ACMDPBD95,"G:","20.19%",Healthy,"20.19"
ACMDPBD95,"E:","2.3%",Healthy,"2.3"
ACMDPBD96,"D:","93.11%",Critical,"93.11"
ACMDPBD96,"F:","92.61%",Critical,"92.61"
ACMDPBD96,"H:","81.37%",Warning,"81.37"
ACMDPBD96,"C:","65.63%",Warning,"65.63"
ACMDPBD96,"G:","51.95%",Healthy,"51.95"
ACMDPBD96,"E:","3.87%",Healthy,"3.87"
ACMDPPR09,"D:","99.66%",Critical,"99.66"
ACMDPPR09,"C:","71.3%",Warning,"71.3"
ACMDPPR101,"P:","87.22%",Warning,"87.22"
ACMDPPR101,"D:","80.72%",Warning,"80.72"
ACMDPPR101,"C:","20.4%",Healthy,"20.4"
ACMDPPR102,"D:","93.62%",Critical,"93.62"
ACMDPPR102,"P:","87.22%",Warning,"87.22"
ACMDPPR102,"C:","31.66%",Healthy,"31.66"
ACMDPPR111,"D:","92.99%",Critical,"92.99"
ACMDPPR111,"C:","67.98%",Warning,"67.98"
ACMDPPR121,"D:","75.0%",Warning,75
ACMDPPR121,"C:","2.99%",Healthy,"2.99"
ACMDPPR122,"C:","23.63%",Healthy,"23.63"
ACMDPPR122,"D:","19.67%",Healthy,"19.67"
ACMDPPR123,"D:","37.0%",Healthy,37
ACMDPPR123,"C:","23.78%",Healthy,"23.78"
ACMDPPR124,"D:","92.93%",Critical,"92.93"
ACMDPPR124,"C:","42.77%",Healthy,"42.77"
ACMDPPR125,"D:","86.27%",Warning,"86.27"
ACMDPPR125,"C:","46.04%",Healthy,"46.04"
ACMDPPR126,"D:","92.94%",Critical,"92.94"
ACMDPPR126,"C:","50.26%",Healthy,"50.26"
ACMDPPR127,"E:","99.96%",Critical,"99.96"
ACMDPPR127,"D:","90.22%",Critical,"90.22"
ACMDPPR127,"C:","77.68%",Warning,"77.68"
ACMDPPR131,"P:","93.33%",Critical,"93.33"
ACMDPPR131,"D:","70.32%",Warning,"70.32"
ACMDPPR131,"C:","47.41%",Healthy,"47.41"
ACMDPPR132,"D:","96.33%",Critical,"96.33"
ACMDPPR132,"P:","92.12%",Critical,"92.12"
ACMDPPR132,"C:","30.87%",Healthy,"30.87"
ACMDPPR138,"D:","66.89%",Warning,"66.89"
ACMDPPR138,"C:","66.88%",Warning,"66.88"
ACMDPPR139,"C:","69.87%",Warning,"69.87"
ACMDPPR139,"D:","63.08%",Warning,"63.08"
ACMDPPR14,"D:","91.18%",Critical,"91.18"
ACMDPPR14,"C:","61.41%",Warning,"61.41"
ACMDPPR140,"D:","69.03%",Warning,"69.03"
ACMDPPR140,"C:","3.7%",Healthy,"3.7"
ACMDPPR141,"C:","34.08%",Healthy,"34.08"
ACMDPPR141,"D:","23.45%",Healthy,"23.45"
ACMDPPR15,"C:","62.89%",Warning,"62.89"
ACMDPPR15,"D:","50.11%",Healthy,"50.11"
ACMDPPR15,"E:","10.1%",Healthy,"10.1"
ACMDPPR156,"D:","98.84%",Critical,"98.84"
ACMDPPR156,"C:","62.17%",Warning,"62.17"
ACMDPPR157,"D:","98.84%",Critical,"98.84"
ACMDPPR157,"C:","64.92%",Warning,"64.92"
ACMDPPR173,"C:","66.1%",Warning,"66.1"
ACMDPPR173,"D:","55.96%",Healthy,"55.96"
ACMDPPR174,"D:","43.84%",Healthy,"43.84"
ACMDPPR174,"C:","4.41%",Healthy,"4.41"
ACMDPPR18,"D:","56.33%",Healthy,"56.33"
ACMDPPR18,"C:","11.35%",Healthy,"11.35"
ACMDPPR182,"D:","94.59%",Critical,"94.59"
ACMDPPR182,"C:","60.0%",Warning,60
ACMDPPR183,"D:","94.51%",Critical,"94.51"
ACMDPPR183,"C:","59.86%",Healthy,"59.86"
ACMDPPR191,"P:","99.71%",Critical,"99.71"
ACMDPPR191,"D:","87.02%",Warning,"87.02"
ACMDPPR191,"C:","51.01%",Healthy,"51.01"
ACMDPPR211,"D:","70.49%",Warning,"70.49"
ACMDPPR211,"C:","52.05%",Healthy,"52.05"
ACMDPPR212,"D:","88.21%",Warning,"88.21"
ACMDPPR212,"C:","41.77%",Healthy,"41.77"
ACMDPPR216,"D:","97.68%",Critical,"97.68"
ACMDPPR216,"C:","63.35%",Warning,"63.35"
ACMDPPR217,"D:","97.73%",Critical,"97.73"
ACMDPPR217,"C:","68.54%",Warning,"68.54"
ACMDPPR222,"D:","98.63%",Critical,"98.63"
ACMDPPR222,"C:","72.21%",Warning,"72.21"
ACMDPPR223,"D:","98.63%",Critical,"98.63"
ACMDPPR223,"C:","44.9%",Healthy,"44.9"
ACMDPPR224,"D:","98.63%",Critical,"98.63"
ACMDPPR224,"C:","25.07%",Healthy,"25.07"
ACMDPPR29,"H:","99.84%",Critical,"99.84"
ACMDPPR29,"G:","98.92%",Critical,"98.92"
ACMDPPR29,"E:","91.06%",Critical,"91.06"
ACMDPPR29,"F:","89.37%",Warning,"89.37"
ACMDPPR29,"C:","44.21%",Healthy,"44.21"
ACMDPPR29,"P:","7.9%",Healthy,"7.9"
ACMDPPR30,"H:","99.84%",Critical,"99.84"
ACMDPPR30,"E:","91.29%",Critical,"91.29"
ACMDPPR30,"C:","61.63%",Warning,"61.63"
ACMDPPR30,"G:","57.83%",Healthy,"57.83"
ACMDPPR30,"P:","7.9%",Healthy,"7.9"
ACMDPPR30,"F:","3.53%",Healthy,"3.53"
ACMDPPR35,"D:","91.76%",Critical,"91.76"
ACMDPPR35,"C:","63.26%",Warning,"63.26"
ACMDPPR42,"D:","64.41%",Warning,"64.41"
ACMDPPR42,"C:","12.49%",Healthy,"12.49"
ACMDPPR53,"D:","98.7%",Critical,"98.7"
ACMDPPR53,"C:","46.88%",Healthy,"46.88"
ACMDPPR54,"D:","96.77%",Critical,"96.77"
ACMDPPR54,"C:","77.02%",Warning,"77.02"
ACMDPPR57,"E:","92.19%",Critical,"92.19"
ACMDPPR57,"D:","84.28%",Warning,"84.28"
ACMDPPR57,"C:","43.72%",Healthy,"43.72"
ACMDPPR63,"E:","99.96%",Critical,"99.96"
ACMDPPR63,"D:","97.45%",Critical,"97.45"
ACMDPPR63,"C:","75.62%",Warning,"75.62"
ACMDPPR66,"E:","99.92%",Critical,"99.92"
ACMDPPR66,"D:","98.56%",Critical,"98.56"
ACMDPPR66,"C:","79.0%",Warning,79
ACMDPPR72,"E:","99.97%",Critical,"99.97"
ACMDPPR72,"D:","99.96%",Critical,"99.96"
ACMDPPR72,"F:","99.93%",Critical,"99.93"
ACMDPPR72,"C:","73.82%",Warning,"73.82"
ACMDPPR76,"H:","79.23%",Warning,"79.23"
ACMDPPR76,"C:","74.67%",Warning,"74.67"
ACMDPPR76,"F:","62.8%",Warning,"62.8"
ACMDPPR76,"D:","44.01%",Healthy,"44.01"
ACMDPPR76,"I:","42.44%",Healthy,"42.44"
ACMDPPR76,"K:","25.46%",Healthy,"25.46"
ACMDPPR76,"J:","22.08%",Healthy,"22.08"
ACMDPPR76,"E:","21.35%",Healthy,"21.35"
ACMDPPR80,"D:","41.02%",Healthy,"41.02"
ACMDPPR80,"E:","33.92%",Healthy,"33.92"
ACMDPPR80,"C:","29.89%",Healthy,"29.89"
ACMDPPR83,"D:","84.52%",Warning,"84.52"
ACMDPPR83,"C:","48.31%",Healthy,"48.31"
ACMDPPR83,"E:","0.86%",Healthy,"0.86"
ACMDPPR85,"D:","82.91%",Warning,"82.91"
ACMDPPR85,"F:","66.39%",Warning,"66.39"
ACMDPPR85,"C:","48.7%",Healthy,"48.7"
ACMDPPR85,"G:","28.09%",Healthy,"28.09"
ACMDPPR85,"E:","25.25%",Healthy,"25.25"
ACMDPPR92,"D:","90.48%",Critical,"90.48"
ACMDPPR92,"C:","32.66%",Healthy,"32.66"
ACMDPPR93,"D:","90.12%",Critical,"90.12"
ACMDPPR93,"C:","32.09%",Healthy,"32.09"
ACMDPPR94,"D:","90.65%",Critical,"90.65"
ACMDPPR94,"C:","13.38%",Healthy,"13.38"
ACMDPPR96,"D:","88.68%",Warning,"88.68"
ACMDPPR96,"C:","9.37%",Healthy,"9.37"
DMSPSAP122,"D:","90.64%",Critical,"90.64"
DMSPSAP122,"C:","52.72%",Healthy,"52.72"
DMSPSAP131,"P:","99.73%",Critical,"99.73"
DMSPSAP131,"D:","98.76%",Critical,"98.76"
DMSPSAP131,"C:","63.04%",Warning,"63.04"
DMSPSAP14,"A:","99.96%",Critical,"99.96"
DMSPSAP14,"C:","78.05%",Warning,"78.05"
DMSPSAP14,"D:","67.32%",Warning,"67.32"
DMSPSAP221,"D:","99.77%",Critical,"99.77"
DMSPSAP221,"C:","72.84%",Warning,"72.84"
DMSPSAP30,"E:","99.96%",Critical,"99.96"
DMSPSAP30,"D:","95.89%",Critical,"95.89"
DMSPSAP30,"C:","66.53%",Warning,"66.53"
DMSPSAP60,"F:","99.96%",Critical,"99.96"
DMSPSAP60,"E:","99.81%",Critical,"99.81"
DMSPSAP60,"C:","77.36%",Warning,"77.36"
DMSPSAP61,"E:","99.96%",Critical,"99.96"
DMSPSAP61,"D:","99.81%",Critical,"99.81"
DMSPSAP61,"C:","76.39%",Warning,"76.39"
DMSPSBD101,"F:","95.66%",Critical,"95.66"
DMSPSBD101,"E:","75.73%",Warning,"75.73"
DMSPSBD101,"D:","54.0%",Healthy,54
DMSPSBD101,"C:","29.18%",Healthy,"29.18"
DMSPSBD11,"H:","99.92%",Critical,"99.92"
DMSPSBD11,"I:","99.72%",Critical,"99.72"
DMSPSBD11,"G:","96.79%",Critical,"96.79"
DMSPSBD11,"F:","94.5%",Critical,"94.5"
DMSPSBD11,"D:","33.95%",Healthy,"33.95"
DMSPSBD11,"C:","28.09%",Healthy,"28.09"
DMSPSBD11,"E:","23.54%",Healthy,"23.54"
DMSPSBD111,"F:","68.39%",Warning,"68.39"
DMSPSBD111,"E:","53.11%",Healthy,"53.11"
DMSPSBD111,"D:","29.04%",Healthy,"29.04"
DMSPSBD111,"C:","9.5%",Healthy,"9.5"
DMSPSBD121,"G:","98.28%",Critical,"98.28"
DMSPSBD121,"F:","91.72%",Critical,"91.72"
DMSPSBD121,"D:","63.27%",Warning,"63.27"
DMSPSBD121,"E:","44.44%",Healthy,"44.44"
DMSPSBD121,"C:","21.87%",Healthy,"21.87"
DMSPSBD121,"H:","7.9%",Healthy,"7.9"
DMSPSBD122,"F:","88.93%",Warning,"88.93"
DMSPSBD122,"G:","87.18%",Warning,"87.18"
DMSPSBD122,"D:","52.93%",Healthy,"52.93"
DMSPSBD122,"E:","44.66%",Healthy,"44.66"
DMSPSBD122,"C:","31.66%",Healthy,"31.66"
DMSPSBD122,"H:","7.93%",Healthy,"7.93"
DMSPSBD131,"F:","93.34%",Critical,"93.34"
DMSPSBD131,"D:","89.87%",Warning,"89.87"
DMSPSBD131,"G:","53.15%",Healthy,"53.15"
DMSPSBD131,"E:","30.57%",Healthy,"30.57"
DMSPSBD131,"C:","19.49%",Healthy,"19.49"
DMSPSBD221,"G:","99.73%",Critical,"99.73"
DMSPSBD221,"E:","99.65%",Critical,"99.65"
DMSPSBD221,"F:","99.65%",Critical,"99.65"
DMSPSBD221,"I:","99.63%",Critical,"99.63"
DMSPSBD221,"H:","97.92%",Critical,"97.92"
DMSPSBD221,"D:","79.41%",Warning,"79.41"
DMSPSBD221,"C:","39.92%",Healthy,"39.92"
DMSPSBD231,"G:","99.73%",Critical,"99.73"
DMSPSBD231,"E:","99.44%",Critical,"99.44"
DMSPSBD231,"F:","99.36%",Critical,"99.36"
DMSPSBD231,"C:","51.51%",Healthy,"51.51"
DMSPSBD231,"D:","42.0%",Healthy,42
DMSPSBD30,"F:","99.91%",Critical,"99.91"
DMSPSBD30,"G:","99.81%",Critical,"99.81"
DMSPSBD30,"E:","84.26%",Warning,"84.26"
DMSPSBD30,"D:","70.32%",Warning,"70.32"
DMSPSBD30,"C:","66.65%",Warning,"66.65"
DMSPSBD51,"E:","96.6%",Critical,"96.6"
DMSPSBD51,"D:","84.52%",Warning,"84.52"
DMSPSBD51,"F:","83.45%",Warning,"83.45"
DMSPSBD51,"C:","54.35%",Healthy,"54.35"
DMSPSBD54,"F:","98.74%",Critical,"98.74"
DMSPSBD54,"E:","97.27%",Critical,"97.27"
DMSPSBD54,"D:","80.5%",Warning,"80.5"
DMSPSBD54,"C:","48.7%",Healthy,"48.7"
DMSPSBD55,"E:","98.9%",Critical,"98.9"
DMSPSBD55,"F:","97.46%",Critical,"97.46"
DMSPSBD55,"D:","94.59%",Critical,"94.59"
DMSPSBD55,"C:","52.72%",Healthy,"52.72"
DMSPSBD56,"F:","99.79%",Critical,"99.79"
DMSPSBD56,"E:","97.85%",Critical,"97.85"
DMSPSBD56,"D:","93.06%",Critical,"93.06"
DMSPSBD56,"C:","56.16%",Healthy,"56.16"
DMSPSBD60,"F:","99.91%",Critical,"99.91"
DMSPSBD60,"G:","99.81%",Critical,"99.81"
DMSPSBD60,"D:","99.81%",Critical,"99.81"
DMSPSBD60,"E:","99.47%",Critical,"99.47"
DMSPSBD60,"C:","64.03%",Warning,"64.03"
DMSPSBD61,"E:","99.94%",Critical,"99.94"
DMSPSBD61,"F:","99.89%",Critical,"99.89"
DMSPSBD61,"G:","99.81%",Critical,"99.81"
DMSPSBD61,"D:","98.19%",Critical,"98.19"
DMSPSBD61,"C:","68.43%",Warning,"68.43"
DMSPSBD82,"I:","99.97%",Critical,"99.97"
DMSPSBD82,"F:","99.91%",Critical,"99.91"
DMSPSBD82,"G:","99.76%",Critical,"99.76"
DMSPSBD82,"H:","99.73%",Critical,"99.73"
DMSPSBD82,"D:","94.51%",Critical,"94.51"
DMSPSBD82,"E:","90.45%",Critical,"90.45"
DMSPSBD82,"C:","72.39%",Warning,"72.39"
DMSPSBD91,"F:","85.44%",Warning,"85.44"
DMSPSBD91,"E:","50.52%",Healthy,"50.52"
DMSPSBD91,"D:","29.07%",Healthy,"29.07"
DMSPSBD91,"C:","12.44%",Healthy,"12.44"
DMSPSPR121,"D:","90.22%",Critical,"90.22"
DMSPSPR121,"C:","49.34%",Healthy,"49.34"
DMSPSPR122,"D:","93.12%",Critical,"93.12"
DMSPSPR122,"C:","51.63%",Healthy,"51.63"
DMSPSPR131,"D:","77.64%",Warning,"77.64"
DMSPSPR131,"C:","37.41%",Healthy,"37.41"
DMSPSPR132,"D:","82.99%",Warning,"82.99"
DMSPSPR132,"C:","59.99%",Healthy,"59.99"
DMSPSPR231,"E:","99.73%",Critical,"99.73"
DMSPSPR231,"D:","97.36%",Critical,"97.36"
DMSPSPR231,"C:","60.95%",Warning,"60.95"
DMSPSPR51,"D:","98.24%",Critical,"98.24"
DMSPSPR51,"C:","49.73%",Healthy,"49.73"
DMSPSPR55,"D:","95.93%",Critical,"95.93"
DMSPSPR55,"C:","61.51%",Warning,"61.51"
DMSPSPR56,"D:","92.97%",Critical,"92.97"
DMSPSPR56,"C:","16.3%",Healthy,"16.3"
DMSPSPR61,"E:","99.96%",Critical,"99.96"
DMSPSPR61,"D:","99.81%",Critical,"99.81"
DMSPSPR61,"C:","76.73%",Warning,"76.73"
DMSPSPR91,"D:","80.75%",Warning,"80.75"
DMSPSPR91,"C:","54.4%",Healthy,"54.4"
EMSPSAP05,"C:","59.02%",Healthy,"59.02"
EMSPSAP07,"C:","42.3%",Healthy,"42.3"
EMSPSAP21,"F:","87.79%",Warning,"87.79"
EMSPSAP21,"D:","32.69%",Healthy,"32.69"
EMSPSAP21,"C:","21.48%",Healthy,"21.48"
EMSPSAP22,"D:","80.5%",Warning,"80.5"
EMSPSAP22,"F:","55.63%",Healthy,"55.63"
EMSPSAP22,"C:","18.53%",Healthy,"18.53"
EMSPSBD21,"T:","81.08%",Warning,"81.08"
EMSPSBD21,"D:","71.75%",Warning,"71.75"
EMSPSBD21,"C:","54.14%",Healthy,"54.14"
EMSPSBD21,"F:","42.97%",Healthy,"42.97"
EMSPSBD21,"E:","14.02%",Healthy,"14.02"
EMSPSPR22,"D:","95.72%",Critical,"95.72"
EMSPSPR22,"E:","82.16%",Warning,"82.16"
EMSPSPR22,"C:","39.15%",Healthy,"39.15"
PREMPSPSAP183,"D:","88.59%",Warning,"88.59"
PREMPSPSAP183,"C:","43.82%",Healthy,"43.82"
PREMSPSAP11,"D:","94.31%",Critical,"94.31"
PREMSPSAP11,"C:","75.23%",Warning,"75.23"
PREMSPSAP12,"E:","99.4%",Critical,"99.4"
PREMSPSAP12,"D:","99.05%",Critical,"99.05"
PREMSPSAP12,"C:","64.39%",Warning,"64.39"
PREMSPSAP121,"D:","88.56%",Warning,"88.56"
PREMSPSAP121,"C:","54.5%",Healthy,"54.5"
PREMSPSAP122,"D:","89.19%",Warning,"89.19"
PREMSPSAP122,"C:","58.45%",Healthy,"58.45"
PREMSPSAP123,"D:","85.76%",Warning,"85.76"
PREMSPSAP123,"C:","54.09%",Healthy,"54.09"
PREMSPSAP124,"D:","88.34%",Warning,"88.34"
PREMSPSAP124,"C:","74.08%",Warning,"74.08"
PREMSPSAP13,"E:","88.09%",Warning,"88.09"
PREMSPSAP13,"C:","39.25%",Healthy,"39.25"
PREMSPSAP131,"D:","96.36%",Critical,"96.36"
PREMSPSAP131,"C:","59.59%",Healthy,"59.59"
PREMSPSAP134,"D:","95.83%",Critical,"95.83"
PREMSPSAP134,"C:","58.38%",Healthy,"58.38"
PREMSPSAP182,"D:","40.95%",Healthy,"40.95"
PREMSPSAP182,"C:","22.77%",Healthy,"22.77"
PREMSPSAP40,"F:","99.97%",Critical,"99.97"
PREMSPSAP40,"D:","86.23%",Warning,"86.23"
PREMSPSAP40,"E:","82.38%",Warning,"82.38"
PREMSPSAP40,"C:","67.39%",Warning,"67.39"
PREMSPSAP61,"D:","98.13%",Critical,"98.13"
PREMSPSAP61,"C:","65.22%",Warning,"65.22"
PREMSPSAP62,"E:","99.88%",Critical,"99.88"
PREMSPSAP62,"D:","96.39%",Critical,"96.39"
PREMSPSAP62,"C:","71.3%",Warning,"71.3"
PREMSPSAP65,"E:","99.94%",Critical,"99.94"
PREMSPSAP65,"D:","99.81%",Critical,"99.81"
PREMSPSAP65,"C:","75.82%",Warning,"75.82"
PREMSPSAP81,"D:","97.63%",Critical,"97.63"
PREMSPSAP81,"C:","38.44%",Healthy,"38.44"
PREMSPSBD103,"H:","99.37%",Critical,"99.37"
PREMSPSBD103,"I:","97.23%",Critical,"97.23"
PREMSPSBD103,"D:","89.06%",Warning,"89.06"
PREMSPSBD103,"F:","47.81%",Healthy,"47.81"
PREMSPSBD103,"C:","47.37%",Healthy,"47.37"
PREMSPSBD103,"E:","35.2%",Healthy,"35.2"
PREMSPSBD11,"E:","90.21%",Critical,"90.21"
PREMSPSBD11,"F:","78.98%",Warning,"78.98"
PREMSPSBD11,"D:","68.69%",Warning,"68.69"
PREMSPSBD11,"C:","39.77%",Healthy,"39.77"
PREMSPSBD115,"J:","95.61%",Critical,"95.61"
PREMSPSBD115,"D:","94.07%",Critical,"94.07"
PREMSPSBD115,"L:","75.47%",Warning,"75.47"
PREMSPSBD115,"H:","32.02%",Healthy,"32.02"
PREMSPSBD115,"C:","18.47%",Healthy,"18.47"
PREMSPSBD122,"G:","79.77%",Warning,"79.77"
PREMSPSBD122,"I:","68.34%",Warning,"68.34"
PREMSPSBD122,"H:","63.83%",Warning,"63.83"
PREMSPSBD122,"D:","54.38%",Healthy,"54.38"
PREMSPSBD122,"F:","44.57%",Healthy,"44.57"
PREMSPSBD122,"E:","22.34%",Healthy,"22.34"
PREMSPSBD122,"C:","11.11%",Healthy,"11.11"
PREMSPSBD123,"G:","87.72%",Warning,"87.72"
PREMSPSBD123,"H:","79.07%",Warning,"79.07"
PREMSPSBD123,"D:","58.46%",Healthy,"58.46"
PREMSPSBD123,"F:","45.52%",Healthy,"45.52"
PREMSPSBD123,"E:","29.5%",Healthy,"29.5"
PREMSPSBD123,"C:","2.55%",Healthy,"2.55"
PREMSPSBD126,"F:","84.62%",Warning,"84.62"
PREMSPSBD126,"Q:","66.25%",Warning,"66.25"
PREMSPSBD126,"G:","57.17%",Healthy,"57.17"
PREMSPSBD126,"I:","52.37%",Healthy,"52.37"
PREMSPSBD126,"N:","42.75%",Healthy,"42.75"
PREMSPSBD126,"M:","37.34%",Healthy,"37.34"
PREMSPSBD126,"R:","36.36%",Healthy,"36.36"
PREMSPSBD126,"K:","36.07%",Healthy,"36.07"
PREMSPSBD126,"D:","34.47%",Healthy,"34.47"
PREMSPSBD126,"C:","29.87%",Healthy,"29.87"
PREMSPSBD126,"L:","29.83%",Healthy,"29.83"
PREMSPSBD126,"E:","18.14%",Healthy,"18.14"
PREMSPSBD126,"J:","17.86%",Healthy,"17.86"
PREMSPSBD126,"H:","15.27%",Healthy,"15.27"
PREMSPSBD127,"E:","72.98%",Warning,"72.98"
PREMSPSBD127,"D:","58.46%",Healthy,"58.46"
PREMSPSBD127,"C:","50.2%",Healthy,"50.2"
PREMSPSBD127,"F:","33.96%",Healthy,"33.96"
PREMSPSBD128,"E:","76.01%",Warning,"76.01"
PREMSPSBD128,"D:","55.57%",Healthy,"55.57"
PREMSPSBD128,"C:","47.43%",Healthy,"47.43"
PREMSPSBD128,"F:","33.96%",Healthy,"33.96"
PREMSPSBD130,"I:","99.1%",Critical,"99.1"
PREMSPSBD130,"E:","89.0%",Warning,89
PREMSPSBD130,"H:","88.59%",Warning,"88.59"
PREMSPSBD130,"D:","66.75%",Warning,"66.75"
PREMSPSBD130,"F:","49.98%",Healthy,"49.98"
PREMSPSBD130,"C:","8.92%",Healthy,"8.92"
PREMSPSBD132,"U:","99.5%",Critical,"99.5"
PREMSPSBD132,"T:","98.46%",Critical,"98.46"
PREMSPSBD132,"D:","66.21%",Warning,"66.21"
PREMSPSBD132,"E:","61.27%",Warning,"61.27"
PREMSPSBD132,"C:","51.12%",Healthy,"51.12"
PREMSPSBD132,"F:","20.5%",Healthy,"20.5"
PREMSPSBD133,"U:","96.99%",Critical,"96.99"
PREMSPSBD133,"T:","80.91%",Warning,"80.91"
PREMSPSBD133,"D:","67.96%",Warning,"67.96"
PREMSPSBD133,"E:","61.21%",Warning,"61.21"
PREMSPSBD133,"C:","56.57%",Healthy,"56.57"
PREMSPSBD133,"F:","20.5%",Healthy,"20.5"
PREMSPSBD141,"F:","91.18%",Critical,"91.18"
PREMSPSBD141,"D:","85.52%",Warning,"85.52"
PREMSPSBD141,"E:","54.08%",Healthy,"54.08"
PREMSPSBD141,"C:","44.01%",Healthy,"44.01"
PREMSPSBD182,"F:","96.38%",Critical,"96.38"
PREMSPSBD182,"D:","44.43%",Healthy,"44.43"
PREMSPSBD182,"H:","34.4%",Healthy,"34.4"
PREMSPSBD182,"E:","30.09%",Healthy,"30.09"
PREMSPSBD182,"C:","11.42%",Healthy,"11.42"
PREMSPSBD183,"F:","65.86%",Warning,"65.86"
PREMSPSBD183,"D:","47.67%",Healthy,"47.67"
PREMSPSBD183,"E:","47.2%",Healthy,"47.2"
PREMSPSBD183,"C:","20.66%",Healthy,"20.66"
PREMSPSBD183,"H:","20.62%",Healthy,"20.62"
PREMSPSBD185,"F:","55.26%",Healthy,"55.26"
PREMSPSBD185,"D:","46.76%",Healthy,"46.76"
PREMSPSBD185,"E:","37.42%",Healthy,"37.42"
PREMSPSBD185,"C:","36.12%",Healthy,"36.12"
PREMSPSBD185,"H:","20.63%",Healthy,"20.63"
PREMSPSBD186,"D:","67.68%",Warning,"67.68"
PREMSPSBD186,"C:","46.44%",Healthy,"46.44"
PREMSPSBD201,"F:","98.55%",Critical,"98.55"
PREMSPSBD201,"D:","63.02%",Warning,"63.02"
PREMSPSBD201,"E:","22.6%",Healthy,"22.6"
PREMSPSBD201,"C:","12.99%",Healthy,"12.99"
PREMSPSBD231,"F:","99.51%",Critical,"99.51"
PREMSPSBD231,"E:","70.1%",Warning,"70.1"
PREMSPSBD231,"D:","65.04%",Warning,"65.04"
PREMSPSBD231,"C:","55.91%",Healthy,"55.91"
PREMSPSBD232,"F:","99.43%",Critical,"99.43"
PREMSPSBD232,"G:","96.79%",Critical,"96.79"
PREMSPSBD232,"E:","90.1%",Critical,"90.1"
PREMSPSBD232,"D:","62.25%",Warning,"62.25"
PREMSPSBD232,"C:","54.87%",Healthy,"54.87"
PREMSPSBD25,"E:","90.36%",Critical,"90.36"
PREMSPSBD25,"F:","89.5%",Warning,"89.5"
PREMSPSBD25,"D:","69.21%",Warning,"69.21"
PREMSPSBD25,"C:","25.81%",Healthy,"25.81"
PREMSPSBD30,"I:","99.96%",Critical,"99.96"
PREMSPSBD30,"E:","81.0%",Warning,81
PREMSPSBD30,"F:","80.38%",Warning,"80.38"
PREMSPSBD30,"H:","71.34%",Warning,"71.34"
PREMSPSBD30,"D:","68.24%",Warning,"68.24"
PREMSPSBD30,"G:","64.72%",Warning,"64.72"
PREMSPSBD30,"C:","49.09%",Healthy,"49.09"
PREMSPSBD35,"Z:","99.93%",Critical,"99.93"
PREMSPSBD35,"F:","86.45%",Warning,"86.45"
PREMSPSBD35,"D:","52.65%",Healthy,"52.65"
PREMSPSBD35,"C:","36.23%",Healthy,"36.23"
PREMSPSBD35,"E:","28.04%",Healthy,"28.04"
PREMSPSBD36,"F:","85.73%",Warning,"85.73"
PREMSPSBD36,"D:","52.82%",Healthy,"52.82"
PREMSPSBD36,"C:","45.59%",Healthy,"45.59"
PREMSPSBD36,"E:","19.47%",Healthy,"19.47"
PREMSPSBD40,"I:","99.96%",Critical,"99.96"
PREMSPSBD40,"F:","99.89%",Critical,"99.89"
PREMSPSBD40,"H:","99.63%",Critical,"99.63"
PREMSPSBD40,"G:","98.42%",Critical,"98.42"
PREMSPSBD40,"E:","90.39%",Critical,"90.39"
PREMSPSBD40,"D:","67.72%",Warning,"67.72"
PREMSPSBD40,"C:","58.15%",Healthy,"58.15"
PREMSPSBD50,"E:","99.47%",Critical,"99.47"
PREMSPSBD50,"F:","97.4%",Critical,"97.4"
PREMSPSBD50,"D:","67.26%",Warning,"67.26"
PREMSPSBD50,"C:","50.79%",Healthy,"50.79"
PREMSPSBD53,"E:","98.71%",Critical,"98.71"
PREMSPSBD53,"F:","98.71%",Critical,"98.71"
PREMSPSBD53,"D:","86.41%",Warning,"86.41"
PREMSPSBD53,"C:","54.19%",Healthy,"54.19"
PREMSPSBD55,"E:","99.65%",Critical,"99.65"
PREMSPSBD55,"F:","99.65%",Critical,"99.65"
PREMSPSBD55,"D:","87.49%",Warning,"87.49"
PREMSPSBD55,"C:","55.42%",Healthy,"55.42"
PREMSPSBD61,"E:","95.42%",Critical,"95.42"
PREMSPSBD61,"F:","91.7%",Critical,"91.7"
PREMSPSBD61,"D:","76.11%",Warning,"76.11"
PREMSPSBD61,"C:","55.31%",Healthy,"55.31"
PREMSPSBD62,"F:","99.88%",Critical,"99.88"
PREMSPSBD62,"E:","99.21%",Critical,"99.21"
PREMSPSBD62,"D:","97.01%",Critical,"97.01"
PREMSPSBD62,"C:","71.5%",Warning,"71.5"
PREMSPSBD63,"I:","99.98%",Critical,"99.98"
PREMSPSBD63,"E:","99.95%",Critical,"99.95"
PREMSPSBD63,"H:","99.73%",Critical,"99.73"
PREMSPSBD63,"D:","97.17%",Critical,"97.17"
PREMSPSBD63,"G:","69.7%",Warning,"69.7"
PREMSPSBD63,"C:","65.95%",Warning,"65.95"
PREMSPSBD63,"F:","27.87%",Healthy,"27.87"
PREMSPSBD70,"I:","99.98%",Critical,"99.98"
PREMSPSBD70,"D:","97.07%",Critical,"97.07"
PREMSPSBD70,"H:","95.78%",Critical,"95.78"
PREMSPSBD70,"F:","79.59%",Warning,"79.59"
PREMSPSBD70,"C:","64.55%",Warning,"64.55"
PREMSPSBD70,"G:","15.97%",Healthy,"15.97"
PREMSPSBD70,"E:","11.65%",Healthy,"11.65"
PREMSPSBD72,"E:","99.21%",Critical,"99.21"
PREMSPSBD72,"F:","98.52%",Critical,"98.52"
PREMSPSBD72,"D:","94.0%",Critical,94
PREMSPSBD72,"C:","71.14%",Warning,"71.14"
PREMSPSBD73,"E:","99.74%",Critical,"99.74"
PREMSPSBD73,"F:","98.52%",Critical,"98.52"
PREMSPSBD73,"D:","94.02%",Critical,"94.02"
PREMSPSBD73,"C:","71.47%",Warning,"71.47"
PREMSPSBD81,"H:","99.98%",Critical,"99.98"
PREMSPSBD81,"I:","99.98%",Critical,"99.98"
PREMSPSBD81,"G:","99.98%",Critical,"99.98"
PREMSPSBD81,"F:","96.68%",Critical,"96.68"
PREMSPSBD81,"D:","95.07%",Critical,"95.07"
PREMSPSBD81,"E:","92.2%",Critical,"92.2"
PREMSPSBD81,"C:","49.35%",Healthy,"49.35"
PREMSPSBD95,"D:","75.5%",Warning,"75.5"
PREMSPSBD95,"F:","57.99%",Healthy,"57.99"
PREMSPSBD95,"C:","45.17%",Healthy,"45.17"
PREMSPSBD95,"E:","10.94%",Healthy,"10.94"
PREMSPSBD96,"F:","96.98%",Critical,"96.98"
PREMSPSBD96,"L:","93.93%",Critical,"93.93"
PREMSPSBD96,"J:","88.22%",Warning,"88.22"
PREMSPSBD96,"D:","86.74%",Warning,"86.74"
PREMSPSBD96,"E:","82.87%",Warning,"82.87"
PREMSPSBD96,"H:","41.23%",Healthy,"41.23"
PREMSPSBD96,"C:","14.0%",Healthy,14
PREMSPSPR101,"D:","98.15%",Critical,"98.15"
PREMSPSPR101,"C:","56.02%",Healthy,"56.02"
PREMSPSPR121,"D:","89.28%",Warning,"89.28"
PREMSPSPR121,"C:","55.03%",Healthy,"55.03"
PREMSPSPR123,"D:","88.14%",Warning,"88.14"
PREMSPSPR123,"C:","68.34%",Warning,"68.34"
PREMSPSPR124,"D:","88.78%",Warning,"88.78"
PREMSPSPR124,"C:","72.35%",Warning,"72.35"
PREMSPSPR131,"D:","92.96%",Critical,"92.96"
PREMSPSPR131,"C:","59.66%",Healthy,"59.66"
PREMSPSPR132,"D:","93.64%",Critical,"93.64"
PREMSPSPR132,"C:","37.35%",Healthy,"37.35"
PREMSPSPR134,"D:","94.65%",Critical,"94.65"
PREMSPSPR134,"C:","55.36%",Healthy,"55.36"
PREMSPSPR135,"D:","95.6%",Critical,"95.6"
PREMSPSPR135,"C:","68.33%",Warning,"68.33"
PREMSPSPR141,"D:","94.77%",Critical,"94.77"
PREMSPSPR141,"C:","53.17%",Healthy,"53.17"
PREMSPSPR181,"D:","92.04%",Critical,"92.04"
PREMSPSPR181,"C:","37.18%",Healthy,"37.18"
PREMSPSPR182,"D:","92.23%",Critical,"92.23"
PREMSPSPR182,"C:","45.86%",Healthy,"45.86"
PREMSPSPR201,"D:","69.83%",Warning,"69.83"
PREMSPSPR201,"C:","43.49%",Healthy,"43.49"
PREMSPSPR211,"D:","98.36%",Critical,"98.36"
PREMSPSPR211,"C:","64.89%",Warning,"64.89"
PREMSPSPR231,"D:","90.27%",Critical,"90.27"
PREMSPSPR231,"C:","59.14%",Healthy,"59.14"
PREMSPSPR232,"D:","95.14%",Critical,"95.14"
PREMSPSPR232,"C:","61.88%",Warning,"61.88"
PREMSPSPR30,"D:","99.8%",Critical,"99.8"
PREMSPSPR30,"H:","99.8%",Critical,"99.8"
PREMSPSPR30,"G:","98.29%",Critical,"98.29"
PREMSPSPR30,"F:","95.57%",Critical,"95.57"
PREMSPSPR30,"E:","79.39%",Warning,"79.39"
PREMSPSPR30,"C:","60.25%",Warning,"60.25"
PREMSPSPR50,"D:","97.7%",Critical,"97.7"
PREMSPSPR50,"C:","61.1%",Warning,"61.1"
PREMSPSPR53,"F:","99.58%",Critical,"99.58"
PREMSPSPR53,"H:","99.58%",Critical,"99.58"
PREMSPSPR53,"D:","98.34%",Critical,"98.34"
PREMSPSPR53,"C:","61.23%",Warning,"61.23"
PREMSPSPR55,"D:","98.51%",Critical,"98.51"
PREMSPSPR55,"C:","68.76%",Warning,"68.76"
PREMSPSPR62,"D:","99.81%",Critical,"99.81"
PREMSPSPR62,"E:","99.18%",Critical,"99.18"
PREMSPSPR62,"C:","76.51%",Warning,"76.51"
PREMSPSPR65,"E:","99.96%",Critical,"99.96"
PREMSPSPR65,"D:","99.72%",Critical,"99.72"
PREMSPSPR65,"C:","77.81%",Warning,"77.81"
PREMSPSPR66,"F:","99.98%",Critical,"99.98"
PREMSPSPR66,"G:","99.97%",Critical,"99.97"
PREMSPSPR66,"D:","99.81%",Critical,"99.81"
PREMSPSPR66,"E:","92.65%",Critical,"92.65"
PREMSPSPR66,"C:","80.56%",Warning,"80.56"
PREMSPSPR91,"D:","90.28%",Critical,"90.28"
PREMSPSPR91,"C:","43.16%",Healthy,"43.16"
PREMSPSPR92,"D:","91.0%",Critical,91
PREMSPSPR92,"C:","58.79%",Healthy,"58.79"
acmdpap200,"C:","94.37%",Critical,"94.37"
"az-msps-vm-veea","D:","91.3%",Critical,"91.3"
"az-msps-vm-veea","C:","15.76%",Healthy,"15.76"
"vm-msps-prod-ap","D:","92.28%",Critical,"92.28"
"vm-msps-prod-ap","C:","86.83%",Warning,"86.83"
